<?xml version="1.0" encoding="UTF-8"?>
<jobs xmlns="http://www.demandware.com/xml/impex/jobs/2015-07-01">
    <job job-id="deleteCustomObj" priority="0">
        <description/>
        <parameters/>
        <flow>
            <context site-id="Sites"/>
        </flow>
        <rules/>
        <triggers>
            <run-once enabled="false">
                <date>2021-04-28Z</date>
                <time>23:07:07.000Z</time>
            </run-once>
        </triggers>
    </job>

    <job job-id="DeleteCustomObject" priority="0">
        <description/>
        <parameters/>
        <flow>
            <context site-id="Sites"/>
            <step step-id="deletar" type="custom.DeleteCustomObject" enforce-restart="false">
                <description/>
                <parameters/>
            </step>
        </flow>
        <rules/>
        <triggers>
            <run-once enabled="false">
                <date>2021-04-28Z</date>
                <time>23:09:53.000Z</time>
            </run-once>
        </triggers>
    </job>

    <job job-id="RebuildURLs" priority="0">
        <description/>
        <parameters/>
        <split sequential="false">
            <contexts template-ref="template_40">
                <context site-id="RefArch"/>
                <context site-id="RefArchGlobal"/>
            </contexts>
            <flow-template template-id="template_40">
                <step step-id="RebuildURLs" type="UpdateStorefrontURLs" enforce-restart="false">
                    <description/>
                    <parameters/>
                </step>
            </flow-template>
        </split>
        <rules/>
        <triggers>
            <run-once enabled="false">
                <date>2018-06-25Z</date>
                <time>05:38:35.000Z</time>
            </run-once>
        </triggers>
    </job>

    <job job-id="Reindex" priority="0">
        <description/>
        <parameters/>
        <split sequential="false">
            <contexts template-ref="template_45">
                <context site-id="RefArch"/>
                <context site-id="RefArchGlobal"/>
            </contexts>
            <flow-template template-id="template_45">
                <step step-id="Reindex" type="SearchReindex" enforce-restart="false">
                    <description/>
                    <parameters>
                        <parameter name="Product related search indexes">true</parameter>
                        <parameter name="Active data search index">true</parameter>
                        <parameter name="Content search index">true</parameter>
                        <parameter name="Indexer Type">Full Index Rebuild</parameter>
                    </parameters>
                </step>
            </flow-template>
        </split>
        <rules/>
        <triggers>
            <run-once enabled="false">
                <date>2018-06-25Z</date>
                <time>05:36:56.000Z</time>
            </run-once>
        </triggers>
    </job>

    <job job-id="ExportCustomObject" priority="0">
        <description/>
        <parameters/>
        <flow>
            <context site-id="Sites"/>
            <step step-id="ExportCustomObject" type="ExportCustomObjects" enforce-restart="false">
                <description/>
                <parameters>
                    <parameter name="CustomObjectTypeID">ContBr</parameter>
                    <parameter name="ExportFile">ContBr</parameter>
                    <parameter name="OverwriteExportFile">true</parameter>
                </parameters>
            </step>
        </flow>
        <rules>
            <on-exit status="OK,ERROR" enabled="true">
                <send-mail>
                    <from>no-reply@testorganization.com</from>
                    <to>fale.joanne@gmail.com</to>
                </send-mail>
            </on-exit>
        </rules>
        <triggers>
            <run-recurring enabled="false">
                <recurrence>
                    <date-from>2021-04-28Z</date-from>
                    <date-to>2021-04-30Z</date-to>
                    <start-time>03:00:00.000Z</start-time>
                    <interval>12h</interval>
                    <day-of-week>
                        <weekday>Thursday</weekday>
                        <weekday>Wednesday</weekday>
                    </day-of-week>
                </recurrence>
            </run-recurring>
        </triggers>
    </job>

    <job job-id="GetObjectOders" priority="0">
        <description/>
        <parameters/>
        <flow>
            <context site-id="Sites"/>
            <step step-id="OrderClient" type="ExportOrders" enforce-restart="false">
                <description/>
                <parameters>
                    <parameter name="Created">true</parameter>
                    <parameter name="New">true</parameter>
                    <parameter name="Open">true</parameter>
                    <parameter name="Completed">true</parameter>
                    <parameter name="Failed">true</parameter>
                    <parameter name="Canceled">true</parameter>
                    <parameter name="Replaced">true</parameter>
                    <parameter name="Use Order Export Delay">false</parameter>
                    <parameter name="Confirmation Status">All</parameter>
                    <parameter name="Shipment Status">All</parameter>
                    <parameter name="Payment Status">All</parameter>
                    <parameter name="Export Status">Ready for Export</parameter>
                    <parameter name="OverwriteExportFile">true</parameter>
                </parameters>
                <rules>
                    <on-exit status="ERROR,OK">
                        <continue/>
                    </on-exit>
                </rules>
            </step>
        </flow>
        <rules>
            <on-exit status="OK,ERROR" enabled="true">
                <send-mail>
                    <from>JOJO_anne@hotmil.com</from>
                    <to>fale.joanne@gmail.com</to>
                </send-mail>
            </on-exit>
        </rules>
        <triggers>
            <run-recurring enabled="true">
                <recurrence>
                    <date-from>2021-04-29Z</date-from>
                    <date-to>2021-04-29Z</date-to>
                    <start-time>01:35:47.000Z</start-time>
                    <interval>12h</interval>
                    <day-of-week>
                        <weekday>Monday</weekday>
                        <weekday>Thursday</weekday>
                        <weekday>Friday</weekday>
                        <weekday>Saturday</weekday>
                        <weekday>Tuesday</weekday>
                        <weekday>Wednesday</weekday>
                        <weekday>Sunday</weekday>
                    </day-of-week>
                </recurrence>
            </run-recurring>
        </triggers>
    </job>

</jobs>
