<?xml version="1.0" encoding="UTF-8"?>
<geolocations xmlns="http://www.demandware.com/xml/impex/geolocation/2007-05-01" country-code="BR">
    <geolocation postal-code="01311-200">
        <city xml:lang="x-default">São Paulo</city>
        <state xml:lang="x-default">SP</state>
        <longitude>-23.564983</longitude>
        <latitude>-46.654314</latitude>
    </geolocation>

    <geolocation postal-code="03004-007">
        <city xml:lang="x-default">São Paulo</city>
        <state xml:lang="x-default">SP</state>
        <longitude>-23.545808</longitude>
        <latitude>-46.621493</latitude>
    </geolocation>

    <geolocation postal-code="09110-160">
        <city xml:lang="x-default">Santo André</city>
        <state xml:lang="x-default">SP</state>
        <longitude>-23.550341</longitude>
        <latitude>-46.636715</latitude>
    </geolocation>

    <geolocation postal-code="02244-110">
        <city xml:lang="x-default">São Paulo</city>
        <state xml:lang="x-default">SP</state>
        <longitude>-23.486757</longitude>
        <latitude>-46.603629</latitude>
    </geolocation>

    <geolocation postal-code="08584-530">
        <city xml:lang="x-default">Itaquaquecetuba</city>
        <state xml:lang="x-default">SP</state>
        <longitude>-23.440755</longitude>
        <latitude>-46.579851</latitude>
    </geolocation>

    <geolocation postal-code="01502-000">
        <city xml:lang="x-default">São Paulo</city>
        <state xml:lang="x-default">SP</state>
        <longitude>-23.553893</longitude>
        <latitude>-46.635412</latitude>
    </geolocation>

    <geolocation postal-code="09220-730">
        <city xml:lang="x-default">Santo André</city>
        <state xml:lang="x-default">SP</state>
        <longitude>-23.618875</longitude>
        <latitude>-46.537159</latitude>
    </geolocation>

    <geolocation postal-code="06414-000">
        <city xml:lang="x-default">Barueri</city>
        <state xml:lang="x-default">SP</state>
        <longitude>-23.491964</longitude>
        <latitude>-46.87005</latitude>
    </geolocation>

    <geolocation postal-code="05424-050">
        <city xml:lang="x-default">São Paulo</city>
        <state xml:lang="x-default">SP</state>
        <longitude>-23.567332</longitude>
        <latitude>-46.69599</latitude>
    </geolocation>

    <geolocation postal-code="07190-000">
        <city xml:lang="x-default">Guarulhos</city>
        <state xml:lang="x-default">SP</state>
        <longitude>-23.45997</longitude>
        <latitude>-46.497196</latitude>
    </geolocation>

    <geolocation postal-code="07072-040">
        <city xml:lang="x-default">Guarulhos</city>
        <state xml:lang="x-default">SP</state>
        <longitude>-23.449794</longitude>
        <latitude>-46.559922</latitude>
    </geolocation>

    <geolocation postal-code="09895-540">
        <city xml:lang="x-default">Taboão da Serra</city>
        <state xml:lang="x-default">SP</state>
        <longitude>-23.698384</longitude>
        <latitude>-46.570081</latitude>
    </geolocation>

    <geolocation postal-code="09380-412">
        <city xml:lang="x-default">Mauá</city>
        <state xml:lang="x-default">SP</state>
        <longitude>-23.629334</longitude>
        <latitude>-46.47943</latitude>
    </geolocation>

    <geolocation postal-code="06220-020">
        <city xml:lang="x-default">Osasco</city>
        <state xml:lang="x-default">SP</state>
        <longitude>-23.521201</longitude>
        <latitude>-46.781492</latitude>
    </geolocation>

    <geolocation postal-code="09771-110">
        <city xml:lang="x-default">São Bernardo do Campo</city>
        <state xml:lang="x-default">SP</state>
        <longitude>-23.704135</longitude>
        <latitude>-46.546376</latitude>
    </geolocation>

    <geolocation postal-code="09310-130">
        <city xml:lang="x-default">Mauá</city>
        <state xml:lang="x-default">SP</state>
        <longitude>-23.667627</longitude>
        <latitude>-46.450044</latitude>
    </geolocation>

    <geolocation postal-code="04045-003">
        <city xml:lang="x-default">São Paulo</city>
        <state xml:lang="x-default">SP</state>
        <longitude>-23.619407</longitude>
        <latitude>-46.639804</latitude>
    </geolocation>

    <geolocation postal-code="08674-195">
        <city xml:lang="x-default">Suzano</city>
        <state xml:lang="x-default">SP</state>
        <longitude>-23.54212</longitude>
        <latitude>-46.312453</latitude>
    </geolocation>

    <geolocation postal-code="08597-150">
        <city xml:lang="x-default">Itaquaquecetuba</city>
        <state xml:lang="x-default">SP</state>
        <longitude>-23.455262</longitude>
        <latitude>-46.314161</latitude>
    </geolocation>

    <geolocation postal-code="06028-105">
        <city xml:lang="x-default">Osasco</city>
        <state xml:lang="x-default">SP</state>
        <longitude>-23.548061</longitude>
        <latitude>-46.765987</latitude>
    </geolocation>

</geolocations>
