<?xml version="1.0" encoding="UTF-8"?>
<inventory xmlns="http://www.demandware.com/xml/impex/inventory/2007-05-31">
    <inventory-list>
        <header list-id="accenture-brasil-inventory">
            <default-instock>true</default-instock>
            <use-bundle-inventory-only>false</use-bundle-inventory-only>
            <on-order>false</on-order>
        </header>

        <records>
            <record product-id="1">
                <allocation>10</allocation>
                <allocation-timestamp>2021-04-18T18:54:18.000Z</allocation-timestamp>
                <perpetual>false</perpetual>
                <preorder-backorder-handling>none</preorder-backorder-handling>
                <ats>10</ats>
                <on-order>0</on-order>
                <turnover>0</turnover>
            </record>

            <record product-id="abobora">
                <allocation>8</allocation>
                <allocation-timestamp>2021-04-21T17:58:16.000Z</allocation-timestamp>
                <perpetual>false</perpetual>
                <preorder-backorder-handling>none</preorder-backorder-handling>
                <ats>6</ats>
                <on-order>0</on-order>
                <turnover>2</turnover>
            </record>

            <record product-id="abobrinha">
                <allocation>12</allocation>
                <allocation-timestamp>2021-04-21T17:45:22.000Z</allocation-timestamp>
                <perpetual>false</perpetual>
                <preorder-backorder-handling>none</preorder-backorder-handling>
                <ats>12</ats>
                <on-order>0</on-order>
                <turnover>0</turnover>
            </record>

            <record product-id="alface">
                <allocation>10</allocation>
                <allocation-timestamp>2021-04-19T22:07:13.000Z</allocation-timestamp>
                <perpetual>false</perpetual>
                <preorder-backorder-handling>none</preorder-backorder-handling>
                <ats>10</ats>
                <on-order>0</on-order>
                <turnover>0</turnover>
            </record>

            <record product-id="banana">
                <allocation>30</allocation>
                <allocation-timestamp>2021-04-22T04:41:31.000Z</allocation-timestamp>
                <perpetual>false</perpetual>
                <preorder-backorder-handling>none</preorder-backorder-handling>
                <ats>30</ats>
                <on-order>0</on-order>
                <turnover>0</turnover>
            </record>

            <record product-id="bananaPrata">
                <allocation>10</allocation>
                <allocation-timestamp>2021-04-26T21:06:31.000Z</allocation-timestamp>
                <perpetual>false</perpetual>
                <preorder-backorder-handling>none</preorder-backorder-handling>
                <ats>10</ats>
                <on-order>0</on-order>
                <turnover>0</turnover>
            </record>

            <record product-id="basket-12">
                <allocation>20</allocation>
                <allocation-timestamp>2021-04-29T00:41:45.000Z</allocation-timestamp>
                <perpetual>false</perpetual>
                <preorder-backorder-handling>none</preorder-backorder-handling>
                <ats>20</ats>
                <on-order>0</on-order>
                <turnover>0</turnover>
            </record>

            <record product-id="basket-5">
                <allocation>20</allocation>
                <allocation-timestamp>2021-04-29T00:34:08.000Z</allocation-timestamp>
                <perpetual>false</perpetual>
                <preorder-backorder-handling>none</preorder-backorder-handling>
                <ats>20</ats>
                <on-order>0</on-order>
                <turnover>0</turnover>
            </record>

            <record product-id="basket-media">
                <allocation>20</allocation>
                <allocation-timestamp>2021-04-29T00:36:01.000Z</allocation-timestamp>
                <perpetual>false</perpetual>
                <preorder-backorder-handling>none</preorder-backorder-handling>
                <ats>20</ats>
                <on-order>0</on-order>
                <turnover>0</turnover>
            </record>

            <record product-id="batata">
                <allocation>15</allocation>
                <allocation-timestamp>2021-04-21T18:11:12.000Z</allocation-timestamp>
                <perpetual>false</perpetual>
                <preorder-backorder-handling>none</preorder-backorder-handling>
                <ats>15</ats>
                <on-order>0</on-order>
                <turnover>0</turnover>
            </record>

            <record product-id="boloBananaIntegral">
                <allocation>10</allocation>
                <allocation-timestamp>2021-04-22T03:25:31.000Z</allocation-timestamp>
                <perpetual>false</perpetual>
                <preorder-backorder-handling>none</preorder-backorder-handling>
                <ats>10</ats>
                <on-order>0</on-order>
                <turnover>0</turnover>
            </record>

            <record product-id="boloChocolate">
                <allocation>5</allocation>
                <allocation-timestamp>2021-04-22T03:40:04.000Z</allocation-timestamp>
                <perpetual>false</perpetual>
                <preorder-backorder-handling>none</preorder-backorder-handling>
                <ats>5</ats>
                <on-order>0</on-order>
                <turnover>0</turnover>
            </record>

            <record product-id="cenoura">
                <allocation>15</allocation>
                <allocation-timestamp>2021-04-21T17:35:31.000Z</allocation-timestamp>
                <perpetual>false</perpetual>
                <preorder-backorder-handling>none</preorder-backorder-handling>
                <ats>15</ats>
                <on-order>0</on-order>
                <turnover>0</turnover>
            </record>

            <record product-id="couve">
                <allocation>10</allocation>
                <allocation-timestamp>2021-04-21T01:25:39.000Z</allocation-timestamp>
                <perpetual>false</perpetual>
                <preorder-backorder-handling>none</preorder-backorder-handling>
                <ats>10</ats>
                <on-order>0</on-order>
                <turnover>0</turnover>
            </record>

            <record product-id="curcuma">
                <allocation>10</allocation>
                <allocation-timestamp>2021-04-21T20:08:35.000Z</allocation-timestamp>
                <perpetual>false</perpetual>
                <preorder-backorder-handling>none</preorder-backorder-handling>
                <ats>10</ats>
                <on-order>0</on-order>
                <turnover>0</turnover>
            </record>

            <record product-id="curry">
                <allocation>100</allocation>
                <allocation-timestamp>2021-04-21T20:22:38.000Z</allocation-timestamp>
                <perpetual>false</perpetual>
                <preorder-backorder-handling>none</preorder-backorder-handling>
                <ats>100</ats>
                <on-order>0</on-order>
                <turnover>0</turnover>
            </record>

            <record product-id="espinafre">
                <allocation>10</allocation>
                <allocation-timestamp>2021-04-21T00:41:07.000Z</allocation-timestamp>
                <perpetual>false</perpetual>
                <preorder-backorder-handling>none</preorder-backorder-handling>
                <ats>10</ats>
                <on-order>0</on-order>
                <turnover>0</turnover>
            </record>

            <record product-id="fumacaLiquida">
                <allocation>100</allocation>
                <allocation-timestamp>2021-04-21T19:57:47.000Z</allocation-timestamp>
                <perpetual>false</perpetual>
                <preorder-backorder-handling>none</preorder-backorder-handling>
                <ats>100</ats>
                <on-order>0</on-order>
                <turnover>0</turnover>
            </record>

            <record product-id="maca">
                <allocation>50</allocation>
                <allocation-timestamp>2021-04-28T02:07:46.000Z</allocation-timestamp>
                <perpetual>false</perpetual>
                <preorder-backorder-handling>none</preorder-backorder-handling>
                <ats>50</ats>
                <on-order>0</on-order>
                <turnover>0</turnover>
            </record>

            <record product-id="maca1">
                <allocation>10</allocation>
                <allocation-timestamp>2021-04-22T04:40:24.000Z</allocation-timestamp>
                <perpetual>false</perpetual>
                <preorder-backorder-handling>none</preorder-backorder-handling>
                <ats>10</ats>
                <on-order>0</on-order>
                <turnover>0</turnover>
            </record>

            <record product-id="maracuja">
                <allocation>10</allocation>
                <allocation-timestamp>2021-04-22T04:42:42.000Z</allocation-timestamp>
                <perpetual>false</perpetual>
                <preorder-backorder-handling>none</preorder-backorder-handling>
                <ats>10</ats>
                <on-order>0</on-order>
                <turnover>0</turnover>
            </record>

            <record product-id="morango">
                <allocation>15</allocation>
                <allocation-timestamp>2021-04-21T18:16:42.000Z</allocation-timestamp>
                <perpetual>false</perpetual>
                <preorder-backorder-handling>none</preorder-backorder-handling>
                <ats>15</ats>
                <on-order>0</on-order>
                <turnover>0</turnover>
            </record>

            <record product-id="mucarelaBufala">
                <allocation>100</allocation>
                <allocation-timestamp>2021-04-21T19:26:18.000Z</allocation-timestamp>
                <perpetual>false</perpetual>
                <preorder-backorder-handling>none</preorder-backorder-handling>
                <ats>96</ats>
                <on-order>0</on-order>
                <turnover>4</turnover>
            </record>

            <record product-id="ovosBrancos">
                <allocation>10</allocation>
                <allocation-timestamp>2021-04-22T03:17:33.000Z</allocation-timestamp>
                <perpetual>false</perpetual>
                <preorder-backorder-handling>none</preorder-backorder-handling>
                <ats>10</ats>
                <on-order>0</on-order>
                <turnover>0</turnover>
            </record>

            <record product-id="ovosVermelhosCaipiras">
                <allocation>10</allocation>
                <allocation-timestamp>2021-04-22T02:57:45.000Z</allocation-timestamp>
                <perpetual>false</perpetual>
                <preorder-backorder-handling>none</preorder-backorder-handling>
                <ats>10</ats>
                <on-order>0</on-order>
                <turnover>0</turnover>
            </record>

            <record product-id="picanhaBurger">
                <allocation>10</allocation>
                <allocation-timestamp>2021-04-23T22:57:22.000Z</allocation-timestamp>
                <perpetual>false</perpetual>
                <preorder-backorder-handling>none</preorder-backorder-handling>
                <ats>8</ats>
                <on-order>0</on-order>
                <turnover>2</turnover>
            </record>

            <record product-id="pimentaSiria">
                <allocation>100</allocation>
                <allocation-timestamp>2021-04-21T19:53:12.000Z</allocation-timestamp>
                <perpetual>false</perpetual>
                <preorder-backorder-handling>none</preorder-backorder-handling>
                <ats>100</ats>
                <on-order>0</on-order>
                <turnover>0</turnover>
            </record>

            <record product-id="poTofuDefumado">
                <allocation>50</allocation>
                <allocation-timestamp>2021-04-22T02:08:48.000Z</allocation-timestamp>
                <perpetual>false</perpetual>
                <preorder-backorder-handling>none</preorder-backorder-handling>
                <ats>50</ats>
                <on-order>0</on-order>
                <turnover>0</turnover>
            </record>

            <record product-id="queijoBranco">
                <allocation>10</allocation>
                <allocation-timestamp>2021-04-21T19:45:44.000Z</allocation-timestamp>
                <perpetual>false</perpetual>
                <preorder-backorder-handling>none</preorder-backorder-handling>
                <ats>10</ats>
                <on-order>0</on-order>
                <turnover>0</turnover>
            </record>

            <record product-id="queijoCurado">
                <allocation>10</allocation>
                <allocation-timestamp>2021-04-21T19:39:50.000Z</allocation-timestamp>
                <perpetual>false</perpetual>
                <preorder-backorder-handling>none</preorder-backorder-handling>
                <ats>10</ats>
                <on-order>0</on-order>
                <turnover>0</turnover>
            </record>

            <record product-id="ricota">
                <allocation>10</allocation>
                <allocation-timestamp>2021-04-21T19:36:17.000Z</allocation-timestamp>
                <perpetual>false</perpetual>
                <preorder-backorder-handling>none</preorder-backorder-handling>
                <ats>10</ats>
                <on-order>0</on-order>
                <turnover>0</turnover>
            </record>

            <record product-id="temperoCurry">
                <allocation>100</allocation>
                <allocation-timestamp>2021-04-21T20:14:59.000Z</allocation-timestamp>
                <perpetual>false</perpetual>
                <preorder-backorder-handling>none</preorder-backorder-handling>
                <ats>100</ats>
                <on-order>0</on-order>
                <turnover>0</turnover>
            </record>

            <record product-id="tofu">
                <allocation>10</allocation>
                <allocation-timestamp>2021-04-21T19:20:07.000Z</allocation-timestamp>
                <perpetual>false</perpetual>
                <preorder-backorder-handling>none</preorder-backorder-handling>
                <ats>10</ats>
                <on-order>0</on-order>
                <turnover>0</turnover>
            </record>

            <record product-id="tortaFrangoFit">
                <allocation>12</allocation>
                <allocation-timestamp>2021-04-22T03:33:09.000Z</allocation-timestamp>
                <perpetual>false</perpetual>
                <preorder-backorder-handling>none</preorder-backorder-handling>
                <ats>12</ats>
                <on-order>0</on-order>
                <turnover>0</turnover>
            </record>

            <record product-id="tortaTahineChoco">
                <allocation>8</allocation>
                <allocation-timestamp>2021-04-22T03:51:53.000Z</allocation-timestamp>
                <perpetual>false</perpetual>
                <preorder-backorder-handling>none</preorder-backorder-handling>
                <ats>8</ats>
                <on-order>0</on-order>
                <turnover>0</turnover>
            </record>

        </records>
    </inventory-list>
</inventory>
