<?xml version="1.0" encoding="UTF-8"?>
<pricebooks xmlns="http://www.demandware.com/xml/impex/pricebook/2006-10-31">
    <pricebook>
        <header pricebook-id="accenture-brl">
            <currency>BRL</currency>
            <display-name xml:lang="x-default">AccentureBrasilBRL</display-name>
            <online-flag>true</online-flag>
        </header>

        <price-tables>
            <price-table product-id="008884303989M">
                <amount quantity="1">1.00</amount>
            </price-table>

            <price-table product-id="008884303996M">
                <amount quantity="1">1.00</amount>
            </price-table>

            <price-table product-id="008884304009M">
                <amount quantity="1">1.00</amount>
            </price-table>

            <price-table product-id="008884304016M">
                <amount quantity="1">1.00</amount>
            </price-table>

            <price-table product-id="008884304023M">
                <amount quantity="1">1.00</amount>
            </price-table>

            <price-table product-id="008884304030M">
                <amount quantity="1">1.00</amount>
            </price-table>

            <price-table product-id="008884304047M">
                <amount quantity="1">1.00</amount>
            </price-table>

            <price-table product-id="008884304054M">
                <amount quantity="1">1.00</amount>
            </price-table>

            <price-table product-id="abobora">
                <amount quantity="1">8.70</amount>
            </price-table>

            <price-table product-id="abobrinha">
                <amount quantity="1">10.49</amount>
            </price-table>

            <price-table product-id="alface">
                <amount quantity="1">3.00</amount>
            </price-table>

            <price-table product-id="almondega">
                <amount quantity="1">20.50</amount>
            </price-table>

            <price-table product-id="asas">
                <amount quantity="1">14.79</amount>
            </price-table>

            <price-table product-id="banana">
                <amount quantity="1">4.50</amount>
            </price-table>

            <price-table product-id="bananaPrata">
                <amount quantity="1">8.90</amount>
            </price-table>

            <price-table product-id="basket-12">
                <amount quantity="1">75.00</amount>
            </price-table>

            <price-table product-id="basket-5">
                <amount quantity="1">40.00</amount>
            </price-table>

            <price-table product-id="basket-8">
                <amount quantity="1">55.00</amount>
            </price-table>

            <price-table product-id="basket-media">
                <amount quantity="1">40.00</amount>
            </price-table>

            <price-table product-id="batata">
                <amount quantity="1">15.00</amount>
            </price-table>

            <price-table product-id="bertalha">
                <amount quantity="1">5.00</amount>
            </price-table>

            <price-table product-id="boloBananaIntegral">
                <amount quantity="1">13.00</amount>
            </price-table>

            <price-table product-id="boloChocolate">
                <amount quantity="1">18.00</amount>
            </price-table>

            <price-table product-id="carnejaca">
                <amount quantity="1">17.00</amount>
            </price-table>

            <price-table product-id="carnesoja">
                <amount quantity="1">26.90</amount>
            </price-table>

            <price-table product-id="cenoura">
                <amount quantity="1">7.50</amount>
            </price-table>

            <price-table product-id="cenouraburger">
                <amount quantity="1">13.90</amount>
            </price-table>

            <price-table product-id="couve">
                <amount quantity="1">4.00</amount>
            </price-table>

            <price-table product-id="curcuma">
                <amount quantity="1">6.00</amount>
            </price-table>

            <price-table product-id="curry">
                <amount quantity="1">1.79</amount>
            </price-table>

            <price-table product-id="espinafre">
                <amount quantity="1">4.00</amount>
            </price-table>

            <price-table product-id="filepeito">
                <amount quantity="1">29.90</amount>
            </price-table>

            <price-table product-id="fumacaLiquida">
                <amount quantity="1">19.98</amount>
            </price-table>

            <price-table product-id="lembranca1">
                <amount quantity="1">5.00</amount>
            </price-table>

            <price-table product-id="maca">
                <amount quantity="1">16.00</amount>
            </price-table>

            <price-table product-id="maca1">
                <amount quantity="1">11.45</amount>
            </price-table>

            <price-table product-id="maracuja">
                <amount quantity="1">12.00</amount>
            </price-table>

            <price-table product-id="moelaFrango">
                <amount quantity="1">12.00</amount>
            </price-table>

            <price-table product-id="moelafrango">
                <amount quantity="1">10.90</amount>
            </price-table>

            <price-table product-id="moida">
                <amount quantity="1">20.50</amount>
            </price-table>

            <price-table product-id="morango">
                <amount quantity="1">14.50</amount>
            </price-table>

            <price-table product-id="mucarelaBufala">
                <amount quantity="1">41.13</amount>
            </price-table>

            <price-table product-id="musculo">
                <amount quantity="1">60.90</amount>
            </price-table>

            <price-table product-id="ovosBrancos">
                <amount quantity="1">11.00</amount>
            </price-table>

            <price-table product-id="ovosVermelhosCaipiras">
                <amount quantity="1">4.00</amount>
            </price-table>

            <price-table product-id="picanhaBurger">
                <amount quantity="1">18.96</amount>
            </price-table>

            <price-table product-id="picanhaburger">
                <amount quantity="1">32.90</amount>
            </price-table>

            <price-table product-id="pimentaSiria">
                <amount quantity="1">5.19</amount>
            </price-table>

            <price-table product-id="poTofuDefumado">
                <amount quantity="1">4.20</amount>
            </price-table>

            <price-table product-id="queijoBranco">
                <amount quantity="1">33.90</amount>
            </price-table>

            <price-table product-id="queijoCurado">
                <amount quantity="1">120.00</amount>
            </price-table>

            <price-table product-id="quinoa">
                <amount quantity="1">27.15</amount>
            </price-table>

            <price-table product-id="ricota">
                <amount quantity="1">9.38</amount>
            </price-table>

            <price-table product-id="sobrecoxa">
                <amount quantity="1">17.90</amount>
            </price-table>

            <price-table product-id="tofu">
                <amount quantity="1">29.90</amount>
            </price-table>

            <price-table product-id="tortaFrangoFit">
                <amount quantity="1">19.00</amount>
            </price-table>

            <price-table product-id="tortaTahineChoco">
                <amount quantity="1">20.00</amount>
            </price-table>

        </price-tables>
    </pricebook>
</pricebooks>
