<?xml version="1.0" encoding="UTF-8"?>
<metadata xmlns="http://www.demandware.com/xml/impex/metadata/2006-10-31">
    <custom-type type-id="ContBr">
        <staging-mode>no-staging</staging-mode>
        <storage-scope>organization</storage-scope>
        <key-definition attribute-id="Email">
            <type>string</type>
            <min-length>0</min-length>
        </key-definition>
        <attribute-definitions>
            <attribute-definition attribute-id="Name">
                <type>string</type>
                <localizable-flag>false</localizable-flag>
                <mandatory-flag>false</mandatory-flag>
                <externally-managed-flag>false</externally-managed-flag>
                <min-length>0</min-length>
            </attribute-definition>
            <attribute-definition attribute-id="phone">
                <type>int</type>
                <localizable-flag>false</localizable-flag>
                <mandatory-flag>false</mandatory-flag>
                <externally-managed-flag>false</externally-managed-flag>
            </attribute-definition>
        </attribute-definitions>
        <group-definitions>
            <attribute-group group-id="contatos">
                <display-name xml:lang="x-default">CadContao</display-name>
                <attribute attribute-id="Name"/>
                <attribute attribute-id="Email"/>
                <attribute attribute-id="phone"/>
            </attribute-group>
        </group-definitions>
    </custom-type>

    <custom-type type-id="ContactObj">
        <display-name xml:lang="x-default">ContactObj</display-name>
        <staging-mode>no-staging</staging-mode>
        <storage-scope>organization</storage-scope>
        <key-definition attribute-id="email">
            <type>string</type>
            <min-length>0</min-length>
        </key-definition>
        <attribute-definitions>
            <attribute-definition attribute-id="Endereco">
                <type>string</type>
                <localizable-flag>false</localizable-flag>
                <mandatory-flag>false</mandatory-flag>
                <externally-managed-flag>false</externally-managed-flag>
                <min-length>0</min-length>
            </attribute-definition>
            <attribute-definition attribute-id="Name">
                <type>string</type>
                <localizable-flag>false</localizable-flag>
                <mandatory-flag>false</mandatory-flag>
                <externally-managed-flag>false</externally-managed-flag>
                <min-length>0</min-length>
            </attribute-definition>
            <attribute-definition attribute-id="NumEndereco">
                <type>string</type>
                <localizable-flag>false</localizable-flag>
                <mandatory-flag>false</mandatory-flag>
                <externally-managed-flag>false</externally-managed-flag>
                <min-length>0</min-length>
            </attribute-definition>
            <attribute-definition attribute-id="Phone">
                <type>string</type>
                <localizable-flag>false</localizable-flag>
                <mandatory-flag>false</mandatory-flag>
                <externally-managed-flag>false</externally-managed-flag>
                <min-length>0</min-length>
            </attribute-definition>
        </attribute-definitions>
        <group-definitions>
            <attribute-group group-id="ContactCustomObjGroup">
                <display-name xml:lang="x-default">Contact Custom Obj Group</display-name>
                <attribute attribute-id="Endereco"/>
                <attribute attribute-id="email"/>
                <attribute attribute-id="Name"/>
            </attribute-group>
            <attribute-group group-id="def">
                <display-name xml:lang="x-default">default</display-name>
                <attribute attribute-id="Phone"/>
                <attribute attribute-id="email"/>
                <attribute attribute-id="Name"/>
            </attribute-group>
            <attribute-group group-id="email">
                <display-name xml:lang="x-default">Email</display-name>
                <attribute attribute-id="email"/>
            </attribute-group>
        </group-definitions>
    </custom-type>

    <custom-type type-id="faleConoso">
        <display-name xml:lang="x-default">Fale Conosco</display-name>
        <staging-mode>no-staging</staging-mode>
        <storage-scope>organization</storage-scope>
        <key-definition attribute-id="contactEmail">
            <type>string</type>
            <min-length>0</min-length>
        </key-definition>
        <attribute-definitions>
            <attribute-definition attribute-id="contactComment">
                <display-name xml:lang="x-default">Comment</display-name>
                <type>string</type>
                <localizable-flag>false</localizable-flag>
                <mandatory-flag>false</mandatory-flag>
                <externally-managed-flag>false</externally-managed-flag>
                <min-length>0</min-length>
            </attribute-definition>
            <attribute-definition attribute-id="contactFirstName">
                <display-name xml:lang="x-default">First Name</display-name>
                <type>string</type>
                <localizable-flag>false</localizable-flag>
                <mandatory-flag>false</mandatory-flag>
                <externally-managed-flag>false</externally-managed-flag>
                <min-length>0</min-length>
            </attribute-definition>
            <attribute-definition attribute-id="contactLastName">
                <display-name xml:lang="x-default">Last Name</display-name>
                <type>string</type>
                <localizable-flag>false</localizable-flag>
                <mandatory-flag>false</mandatory-flag>
                <externally-managed-flag>false</externally-managed-flag>
                <min-length>0</min-length>
            </attribute-definition>
            <attribute-definition attribute-id="contactTopic">
                <display-name xml:lang="x-default">Topic</display-name>
                <type>string</type>
                <localizable-flag>false</localizable-flag>
                <mandatory-flag>false</mandatory-flag>
                <externally-managed-flag>false</externally-managed-flag>
                <min-length>0</min-length>
            </attribute-definition>
        </attribute-definitions>
        <group-definitions>
            <attribute-group group-id="faleConosco">
                <display-name xml:lang="x-default">Fale Conosco</display-name>
                <attribute attribute-id="contactTopic"/>
                <attribute attribute-id="contactEmail"/>
                <attribute attribute-id="contactComment"/>
                <attribute attribute-id="contactLastName"/>
                <attribute attribute-id="contactFirstName"/>
            </attribute-group>
        </group-definitions>
    </custom-type>

    <custom-type type-id="faleconosco">
        <display-name xml:lang="x-default">FaleConosco</display-name>
        <staging-mode>no-staging</staging-mode>
        <storage-scope>organization</storage-scope>
        <key-definition attribute-id="contemail">
            <type>string</type>
            <min-length>0</min-length>
        </key-definition>
        <attribute-definitions>
            <attribute-definition attribute-id="comentario">
                <type>text</type>
                <localizable-flag>false</localizable-flag>
                <mandatory-flag>false</mandatory-flag>
                <externally-managed-flag>false</externally-managed-flag>
            </attribute-definition>
            <attribute-definition attribute-id="nome">
                <type>string</type>
                <localizable-flag>false</localizable-flag>
                <mandatory-flag>false</mandatory-flag>
                <externally-managed-flag>false</externally-managed-flag>
                <min-length>0</min-length>
            </attribute-definition>
            <attribute-definition attribute-id="tipo">
                <type>string</type>
                <localizable-flag>false</localizable-flag>
                <mandatory-flag>false</mandatory-flag>
                <externally-managed-flag>false</externally-managed-flag>
                <min-length>0</min-length>
            </attribute-definition>
            <attribute-definition attribute-id="ultimonome">
                <type>string</type>
                <localizable-flag>false</localizable-flag>
                <mandatory-flag>false</mandatory-flag>
                <externally-managed-flag>false</externally-managed-flag>
                <min-length>0</min-length>
            </attribute-definition>
        </attribute-definitions>
        <group-definitions>
            <attribute-group group-id="cont">
                <display-name xml:lang="x-default">Contatos</display-name>
                <attribute attribute-id="ultimonome"/>
                <attribute attribute-id="tipo"/>
                <attribute attribute-id="contemail"/>
                <attribute attribute-id="nome"/>
                <attribute attribute-id="comentario"/>
            </attribute-group>
        </group-definitions>
    </custom-type>

</metadata>
