<?xml version="1.0" encoding="UTF-8"?>
<custom-objects xmlns="http://www.demandware.com/xml/impex/customobject/2006-10-31">
    <custom-object type-id="ContBr" object-id="fale.aula@gmail.com">
        <object-attribute attribute-id="Name">jOJO</object-attribute>
        <object-attribute attribute-id="phone">979745433</object-attribute>
    </custom-object>

    <custom-object type-id="ContBr" object-id="lua@gmail.com">
        <object-attribute attribute-id="Name">Maria</object-attribute>
        <object-attribute attribute-id="phone">369846066</object-attribute>
    </custom-object>

</custom-objects>
