<?xml version="1.0" encoding="UTF-8"?>
<custom-objects xmlns="http://www.demandware.com/xml/impex/customobject/2006-10-31">
    <custom-object type-id="faleconosco" object-id="a.carolg1@gmail.com">
        <object-attribute attribute-id="comentario">uhuuuuuuuuuuuuu</object-attribute>
        <object-attribute attribute-id="nome">Ana Caroline da</object-attribute>
        <object-attribute attribute-id="tipo">Problemas</object-attribute>
        <object-attribute attribute-id="ultimonome">Andrade</object-attribute>
    </custom-object>

    <custom-object type-id="faleconosco" object-id="alline.migowski@gmail.com">
        <object-attribute attribute-id="comentario">yeaaaaaaaaaaaaaah</object-attribute>
        <object-attribute attribute-id="nome">Alline</object-attribute>
        <object-attribute attribute-id="tipo">Problemas</object-attribute>
        <object-attribute attribute-id="ultimonome">Cardoso</object-attribute>
    </custom-object>

    <custom-object type-id="faleconosco" object-id="icestunninggirl@gmail.com">
        <object-attribute attribute-id="comentario">Preciso alterar o meu cpf mas não estou conseguindo realizar,aaaaa</object-attribute>
        <object-attribute attribute-id="nome">Maria</object-attribute>
        <object-attribute attribute-id="tipo">Reclamacao</object-attribute>
        <object-attribute attribute-id="ultimonome">Lurdes</object-attribute>
    </custom-object>

    <custom-object type-id="faleconosco" object-id="leca_jr@gmail.com">
        <object-attribute attribute-id="comentario">Estou tentando trocar minha senha mas consigo</object-attribute>
        <object-attribute attribute-id="nome">Lecaros</object-attribute>
        <object-attribute attribute-id="ultimonome">jr</object-attribute>
    </custom-object>

    <custom-object type-id="faleconosco" object-id="luca_jr@gmail.com">
        <object-attribute attribute-id="comentario">Estou tentando trocar minha senha mas consigo</object-attribute>
        <object-attribute attribute-id="nome">Lucero</object-attribute>
        <object-attribute attribute-id="ultimonome">Maria</object-attribute>
    </custom-object>

    <custom-object type-id="faleconosco" object-id="luuua@gmail.com">
        <object-attribute attribute-id="comentario">Preciso saber o status da minha compra, ate agora nao chegou no email</object-attribute>
        <object-attribute attribute-id="nome">Maria</object-attribute>
        <object-attribute attribute-id="ultimonome">Lurdes</object-attribute>
    </custom-object>

    <custom-object type-id="faleconosco" object-id="migowskialline@gmail.com">
        <object-attribute attribute-id="comentario">A loja de voces é muito linda</object-attribute>
        <object-attribute attribute-id="nome">Alline</object-attribute>
        <object-attribute attribute-id="tipo">Elogio</object-attribute>
        <object-attribute attribute-id="ultimonome">Maria</object-attribute>
    </custom-object>

    <custom-object type-id="faleconosco" object-id="silva.anacaroline@yahoo.com.br">
        <object-attribute attribute-id="comentario">uhuuuuuuuuuuuuu</object-attribute>
        <object-attribute attribute-id="nome">Ana Caroline da</object-attribute>
        <object-attribute attribute-id="tipo">Problemas</object-attribute>
        <object-attribute attribute-id="ultimonome">Andrade</object-attribute>
    </custom-object>

    <custom-object type-id="faleconosco" object-id="tgsjessica@gmail.com">
        <object-attribute attribute-id="comentario">uhuuuuuuuuuuuuu</object-attribute>
        <object-attribute attribute-id="nome">Jessica</object-attribute>
        <object-attribute attribute-id="tipo">Problemas</object-attribute>
        <object-attribute attribute-id="ultimonome">Rangel</object-attribute>
    </custom-object>

</custom-objects>
