<?xml version="1.0" encoding="UTF-8"?>
<preferences xmlns="http://www.demandware.com/xml/impex/preferences/2007-03-31">
    <standard-preferences>
        <all-instances>
            <preference preference-id="AccountNumberRetentionDays">30</preference>
            <preference preference-id="AddProductToBasketBehavior">IncrementQuantities</preference>
            <preference preference-id="CouponGeneratorIncludeDashes">true</preference>
            <preference preference-id="CouponGeneratorIncludeVowels">true</preference>
            <preference preference-id="EnableSiteOrderNumbers">false</preference>
            <preference preference-id="EnforceHTTPS">false</preference>
            <preference preference-id="IntegrationOrderCenterIncludeSite">true</preference>
            <preference preference-id="RedirectUrlCopySourceParameters">false</preference>
            <preference preference-id="SiteCatalog">acn_products_feirinha_mercearia_acougue</preference>
            <preference preference-id="SiteCurrencies">BRL</preference>
            <preference preference-id="SiteCustomerList">accenture-brasil</preference>
            <preference preference-id="SiteDefaultLocale">pt_BR</preference>
            <preference preference-id="SiteInventoryList">accenture-brasil-inventory</preference>
            <preference preference-id="SiteLibrary">RefArchSharedLibrary</preference>
            <preference preference-id="SiteLocales">pt_BR:default</preference>
            <preference preference-id="SitePriceBooks">accenture-brl</preference>
            <preference preference-id="SiteTimezone">Etc/UTC</preference>
            <preference preference-id="StorefrontURLsEnabled">false</preference>
        </all-instances>
        <development>
            <preference preference-id="ExternallyPublishProductIndex">false</preference>
            <preference preference-id="MergedVariationGroupsDisplayMode">false</preference>
            <preference preference-id="RobotsTxtContent"/>
            <preference preference-id="RobotsTxtMode">Cartridge</preference>
        </development>
        <staging>
            <preference preference-id="ExternallyPublishProductIndex">false</preference>
            <preference preference-id="MergedVariationGroupsDisplayMode">false</preference>
            <preference preference-id="RobotsTxtContent"/>
            <preference preference-id="RobotsTxtMode">Cartridge</preference>
        </staging>
        <production>
            <preference preference-id="ExternallyPublishProductIndex">false</preference>
            <preference preference-id="MergedVariationGroupsDisplayMode">false</preference>
            <preference preference-id="RobotsTxtContent"/>
            <preference preference-id="RobotsTxtMode">Cartridge</preference>
        </production>
    </standard-preferences>
    <custom-preferences>
        <all-instances/>
        <development>
            <preference preference-id="countryCode">BR</preference>
            <preference preference-id="listPriceDefault">accenture-brasil-inventory</preference>
            <preference preference-id="mapAPI">AIzaSyAATE4KnPWmMSpdtxbJs-NFXltQgmAOR-g</preference>
        </development>
        <staging/>
        <production/>
    </custom-preferences>
</preferences>

