<?xml version="1.0" encoding="UTF-8"?>
<promotions xmlns="http://www.demandware.com/xml/impex/promotion/2008-01-31">
    <campaign campaign-id="freteGratis">
        <enabled-flag>true</enabled-flag>
        <campaign-scope>
            <applicable-online/>
        </campaign-scope>
        <customer-groups match-mode="any">
            <customer-group group-id="Everyone"/>
        </customer-groups>
    </campaign>

    <promotion promotion-id="freteGratis">
        <enabled-flag>true</enabled-flag>
        <archived-flag>false</archived-flag>
        <searchable-flag>false</searchable-flag>
        <refinable-flag>false</refinable-flag>
        <prevent-requalifying-flag>false</prevent-requalifying-flag>
        <prorate-across-eligible-items-flag>false</prorate-across-eligible-items-flag>
        <exclusivity>no</exclusivity>
        <name xml:lang="x-default">Frete Grátis</name>
        <shipping-promotion-rule>
            <shipping-methods>
                <method-id>Normal</method-id>
            </shipping-methods>
            <discounts condition-type="shipment-total">
                <discount>
                    <threshold>0.0</threshold>
                    <free/>
                </discount>
            </discounts>
        </shipping-promotion-rule>
    </promotion>

    <promotion-campaign-assignment promotion-id="freteGratis" campaign-id="freteGratis">
        <qualifiers match-mode="any">
            <customer-groups/>
            <source-codes/>
            <coupons/>
        </qualifiers>
        <schedule>
            <recurrence>
                <day-of-week>
                    <weekday>Monday</weekday>
                </day-of-week>
            </recurrence>
        </schedule>
    </promotion-campaign-assignment>

</promotions>
