<?xml version="1.0" encoding="UTF-8"?>
<shipping xmlns="http://www.demandware.com/xml/impex/shipping/2007-03-31">
    <shipping-method method-id="Normal" default="true">
        <display-name xml:lang="x-default">Normal</display-name>
        <description xml:lang="x-default">Entrega no endereço cadastrado</description>
        <online-flag>true</online-flag>
        <tax-class-id>taxacomum</tax-class-id>
        <price-table>
            <amount order-value="1">10</amount>
        </price-table>
        <custom-attributes>
            <custom-attribute attribute-id="estimatedArrivalTime" xml:lang="x-default">1 dia útil</custom-attribute>
            <custom-attribute attribute-id="storePickupEnabled">false</custom-attribute>
        </custom-attributes>
    </shipping-method>

    <shipping-method method-id="retiradaemloja" default="false">
        <display-name xml:lang="x-default">Retirar em Loja</display-name>
        <description xml:lang="x-default">Retirar em loja escolhida</description>
        <online-flag>true</online-flag>
        <tax-class-id>delivery</tax-class-id>
        <price-table>
            <amount order-value="1">0</amount>
        </price-table>
        <custom-attributes>
            <custom-attribute attribute-id="estimatedArrivalTime" xml:lang="x-default">1 dia útil</custom-attribute>
            <custom-attribute attribute-id="storePickupEnabled">false</custom-attribute>
        </custom-attributes>
    </shipping-method>

</shipping>
