<?xml version="1.0" encoding="UTF-8"?>
<slot-configurations xmlns="http://www.demandware.com/xml/impex/slot/2008-09-08">
    <slot-configuration slot-id="home-main-m" context="global" configuration-id="New Slot Configuration - 2021-04-23 22:07:56" assigned-to-site="false">
        <template>slots/product/product_1x2.isml</template>
        <enabled-flag>false</enabled-flag>
        <content>
            <products/>
        </content>
    </slot-configuration>

    <slot-configuration slot-id="footer-column-m" context="global" configuration-id="New Slot Configuration - 2021-04-24 11:25:43" assigned-to-site="true">
        <template>slots/content/contentAssetBody.isml</template>
        <enabled-flag>true</enabled-flag>
        <content>
            <content-assets>
                <content-asset content-id="footer-social-email"/>
            </content-assets>
        </content>
    </slot-configuration>

    <slot-configuration slot-id="header-banner-m" context="global" configuration-id="New Slot Configuration - 2021-04-27 00:19:38" assigned-to-site="false">
        <template>slots/product/product_1x2.isml</template>
        <enabled-flag>false</enabled-flag>
        <content>
            <products/>
        </content>
    </slot-configuration>

    <slot-configuration slot-id="search-result-banner-m" context="global" configuration-id="New Slot Configuration - 2021-04-27 16:50:49" assigned-to-site="false">
        <template>slots/product/product_1x2.isml</template>
        <enabled-flag>false</enabled-flag>
        <content>
            <products/>
        </content>
    </slot-configuration>

    <slot-configuration slot-id="product-recommendations-m" context="global" configuration-id="New Slot Configuration - 2021-04-27 22:25:58" assigned-to-site="false">
        <template>slots/product/product_1x2.isml</template>
        <enabled-flag>false</enabled-flag>
        <content>
            <products/>
        </content>
    </slot-configuration>

    <slot-configuration slot-id="header-banner-m" context="global" configuration-id="freeshippingonmonday" default="true" assigned-to-site="false">
        <description>HTML Slot Free Shipping monday</description>
        <template>slots/content/htmlSlotContainer.isml</template>
        <enabled-flag>true</enabled-flag>
        <content>
            <html>
                <body xml:lang="x-default">&lt;div class="header-promotion"&gt;&lt;strong&gt;FRETE GRÁTIS!&lt;/strong&gt; TODAS AS SEGUNDAS&lt;/div&gt;</body>
            </html>
        </content>
    </slot-configuration>

    <slot-configuration slot-id="home-categories-m" context="global" configuration-id="home-categories" default="true" assigned-to-site="false">
        <description>Category links and images for the home page.</description>
        <template>slots/content/contentAssetBody.isml</template>
        <enabled-flag>true</enabled-flag>
        <content>
            <content-assets>
                <content-asset content-id="home-categories"/>
            </content-assets>
        </content>
    </slot-configuration>

    <slot-configuration slot-id="home-products-m" context="global" configuration-id="home-products" default="true" assigned-to-site="false">
        <description>Homepage product tiles slot.</description>
        <template>slots/product/homePageProductSlot.isml</template>
        <enabled-flag>true</enabled-flag>
        <content>
            <products>
                <product product-id="cenoura"/>
                <product product-id="espinafre"/>
                <product product-id="morango"/>
                <product product-id="abobora"/>
                <product product-id="maracuja"/>
                <product product-id="couve"/>
            </products>
        </content>
    </slot-configuration>

    <slot-configuration slot-id="meudecorator-slot" context="global" configuration-id="meudecorator-slot" default="true" assigned-to-site="true">
        <template>slots/product/homePageProductSlot.isml</template>
        <enabled-flag>true</enabled-flag>
        <content>
            <products>
                <product product-id="alface"/>
                <product product-id="couve"/>
                <product product-id="cenoura"/>
                <product product-id="abobora"/>
            </products>
        </content>
    </slot-configuration>

    <slot-configuration slot-id="cart-recommendations-m" context="global" configuration-id="product-recommendations-n" default="true" assigned-to-site="false">
        <description>recomendação de produtos</description>
        <template>slots/product/recommendationSlot.isml</template>
        <enabled-flag>true</enabled-flag>
        <content>
            <products>
                <product product-id="abobora"/>
                <product product-id="alface"/>
                <product product-id="curcuma"/>
            </products>
        </content>
    </slot-configuration>

    <slot-configuration slot-id="product-recommendations-n" context="global" configuration-id="product-recommendations-n1" default="true" assigned-to-site="false">
        <description>Recomendação de produtos</description>
        <template>slots/product/recomendationProducts.isml</template>
        <enabled-flag>true</enabled-flag>
        <content>
            <products>
                <product product-id="abobora"/>
                <product product-id="alface"/>
                <product product-id="maracuja"/>
            </products>
        </content>
    </slot-configuration>

    <slot-configuration slot-id="product-recommendations-n1" context="global" configuration-id="product-recommendations-n2" default="true" assigned-to-site="false">
        <description>Recomendação de produtos</description>
        <template>slots/product/recomendationProducts.isml</template>
        <enabled-flag>true</enabled-flag>
        <content>
            <products>
                <product product-id="abobora"/>
                <product product-id="alface"/>
                <product product-id="maracuja"/>
            </products>
        </content>
    </slot-configuration>

</slot-configurations>
