<?xml version="1.0" encoding="UTF-8"?>
<stores xmlns="http://www.demandware.com/xml/impex/store/2007-04-30">
    <store store-id="acnAvPaulista">
        <name>Loja ACN Av. Paulista</name>
        <address1>Av. Paulista, s/n - Bela Vista</address1>
        <city>São Paulo</city>
        <postal-code>01311-200</postal-code>
        <state-code>SP</state-code>
        <country-code>BR</country-code>
        <phone>(11)4985-9048</phone>
        <store-hours xml:lang="x-default">8h às 22h</store-hours>
        <latitude>-46.654314</latitude>
        <longitude>-23.564983</longitude>
        <inventory-list-id>accenture-brasil-inventory</inventory-list-id>
        <store-locator-enabled-flag>true</store-locator-enabled-flag>
        <demandware-pos-enabled-flag>false</demandware-pos-enabled-flag>
        <pos-enabled-flag>false</pos-enabled-flag>
        <custom-attributes>
            <custom-attribute attribute-id="countryCodeValue">BR</custom-attribute>
            <custom-attribute attribute-id="inventoryListId">accenture-brasil-inventory</custom-attribute>
        </custom-attributes>
    </store>

    <store store-id="acnBras">
        <name>Loja ACN Brás</name>
        <address1>Largo do Brás, s/n - Brás</address1>
        <city>São Paulo</city>
        <postal-code>03004-007</postal-code>
        <state-code>SP</state-code>
        <country-code>BR</country-code>
        <phone>(11)3419-7186</phone>
        <store-hours xml:lang="x-default">8h às 22h</store-hours>
        <latitude>-46.621493</latitude>
        <longitude>-23.545808</longitude>
        <inventory-list-id>accenture-brasil-inventory</inventory-list-id>
        <store-locator-enabled-flag>true</store-locator-enabled-flag>
        <demandware-pos-enabled-flag>false</demandware-pos-enabled-flag>
        <pos-enabled-flag>false</pos-enabled-flag>
        <custom-attributes>
            <custom-attribute attribute-id="countryCodeValue">BR</custom-attribute>
            <custom-attribute attribute-id="inventoryListId">accenture-brasil-inventory</custom-attribute>
        </custom-attributes>
    </store>

    <store store-id="acnCristovaoColombo">
        <name>Loja ACN Santo André 1</name>
        <address1>Rua Cristóvão Colombo, s/n - Vila América</address1>
        <city>Santo André</city>
        <postal-code>09110-160</postal-code>
        <state-code>SP</state-code>
        <country-code>BR</country-code>
        <phone>(11)5173-7439</phone>
        <store-hours xml:lang="x-default">8h às 22h</store-hours>
        <latitude>-46.636715</latitude>
        <longitude>-23.550341</longitude>
        <inventory-list-id>accenture-brasil-inventory</inventory-list-id>
        <store-locator-enabled-flag>true</store-locator-enabled-flag>
        <demandware-pos-enabled-flag>false</demandware-pos-enabled-flag>
        <pos-enabled-flag>false</pos-enabled-flag>
        <custom-attributes>
            <custom-attribute attribute-id="countryCodeValue">BR</custom-attribute>
            <custom-attribute attribute-id="inventoryListId">accenture-brasil-inventory</custom-attribute>
        </custom-attributes>
    </store>

    <store store-id="acnHebe">
        <name>Loja ACN Tucuruvi</name>
        <address1>Rua Hebe, s/n - Tucuruvi</address1>
        <city>São Paulo</city>
        <postal-code>02244-110</postal-code>
        <state-code>SP</state-code>
        <country-code>BR</country-code>
        <phone>(11)4246-5944</phone>
        <store-hours xml:lang="x-default">8h às 22h</store-hours>
        <latitude>-46.603629</latitude>
        <longitude>-23.486757</longitude>
        <inventory-list-id>accenture-brasil-inventory</inventory-list-id>
        <store-locator-enabled-flag>true</store-locator-enabled-flag>
        <demandware-pos-enabled-flag>false</demandware-pos-enabled-flag>
        <pos-enabled-flag>false</pos-enabled-flag>
        <custom-attributes>
            <custom-attribute attribute-id="countryCodeValue">BR</custom-attribute>
            <custom-attribute attribute-id="inventoryListId">accenture-brasil-inventory</custom-attribute>
        </custom-attributes>
    </store>

    <store store-id="acnIpes">
        <name>Loja ACN Itaqua 1</name>
        <address1>Alameda Ipês, s/n - Country Club</address1>
        <city>Itaquaquecetuba</city>
        <postal-code>08584-530</postal-code>
        <state-code>SP</state-code>
        <country-code>BR</country-code>
        <phone>(11)4029-7832</phone>
        <store-hours xml:lang="x-default">8h às 22h</store-hours>
        <latitude>-46.579851</latitude>
        <longitude>-23.440755</longitude>
        <inventory-list-id>accenture-brasil-inventory</inventory-list-id>
        <store-locator-enabled-flag>true</store-locator-enabled-flag>
        <demandware-pos-enabled-flag>false</demandware-pos-enabled-flag>
        <pos-enabled-flag>false</pos-enabled-flag>
        <custom-attributes>
            <custom-attribute attribute-id="countryCodeValue">BR</custom-attribute>
            <custom-attribute attribute-id="inventoryListId">accenture-brasil-inventory</custom-attribute>
        </custom-attributes>
    </store>

    <store store-id="acnLiberdade">
        <name>Loja ACN Liberdade</name>
        <address1>Av. da Liberdade, s/n - Liberdade</address1>
        <city>São Paulo</city>
        <postal-code>01502-000</postal-code>
        <state-code>SP</state-code>
        <country-code>BR</country-code>
        <phone>(11)5488-1678</phone>
        <store-hours xml:lang="x-default">8h às 22h</store-hours>
        <latitude>-46.635412</latitude>
        <longitude>-23.553893</longitude>
        <inventory-list-id>accenture-brasil-inventory</inventory-list-id>
        <store-locator-enabled-flag>true</store-locator-enabled-flag>
        <demandware-pos-enabled-flag>false</demandware-pos-enabled-flag>
        <pos-enabled-flag>false</pos-enabled-flag>
        <custom-attributes>
            <custom-attribute attribute-id="countryCodeValue">BR</custom-attribute>
            <custom-attribute attribute-id="inventoryListId">accenture-brasil-inventory</custom-attribute>
        </custom-attributes>
    </store>

    <store store-id="acnMadri">
        <name>Loja ACN Santo André 2</name>
        <address1>Rua Madri, s/n - Utinga</address1>
        <city>Santo André</city>
        <postal-code>09220-730</postal-code>
        <state-code>SP</state-code>
        <country-code>BR</country-code>
        <phone>(11)3754-9802</phone>
        <store-hours xml:lang="x-default">8h às 22h</store-hours>
        <latitude>-46.537159</latitude>
        <longitude>-23.618875</longitude>
        <inventory-list-id>accenture-brasil-inventory</inventory-list-id>
        <store-locator-enabled-flag>true</store-locator-enabled-flag>
        <demandware-pos-enabled-flag>false</demandware-pos-enabled-flag>
        <pos-enabled-flag>false</pos-enabled-flag>
        <custom-attributes>
            <custom-attribute attribute-id="countryCodeValue">BR</custom-attribute>
            <custom-attribute attribute-id="inventoryListId">accenture-brasil-inventory</custom-attribute>
        </custom-attributes>
    </store>

    <store store-id="acnMarte">
        <name>Loja ACN Barueri</name>
        <address1>Rua Marte, s/n - Jd. Tupanci</address1>
        <city>Barueri</city>
        <postal-code>06414-000</postal-code>
        <state-code>SP</state-code>
        <country-code>BR</country-code>
        <phone>(11)2049-8955</phone>
        <store-hours xml:lang="x-default">8h às 22h</store-hours>
        <latitude>-46.87005</latitude>
        <longitude>-23.491964</longitude>
        <inventory-list-id>accenture-brasil-inventory</inventory-list-id>
        <store-locator-enabled-flag>true</store-locator-enabled-flag>
        <demandware-pos-enabled-flag>false</demandware-pos-enabled-flag>
        <pos-enabled-flag>false</pos-enabled-flag>
        <custom-attributes>
            <custom-attribute attribute-id="countryCodeValue">BR</custom-attribute>
            <custom-attribute attribute-id="inventoryListId">accenture-brasil-inventory</custom-attribute>
        </custom-attributes>
    </store>

    <store store-id="acnMatriz">
        <name>Loja Matriz ACN - Pinheiros</name>
        <address1>Largo dos Pinheiros, s/n - Pinheiros</address1>
        <city>São Paulo</city>
        <postal-code>05424-050</postal-code>
        <state-code>SP</state-code>
        <country-code>BR</country-code>
        <phone>(11)5763-1337</phone>
        <store-hours xml:lang="x-default">8h às 22h</store-hours>
        <latitude>-46.69599</latitude>
        <longitude>-23.567332</longitude>
        <inventory-list-id>accenture-brasil-inventory</inventory-list-id>
        <store-locator-enabled-flag>true</store-locator-enabled-flag>
        <demandware-pos-enabled-flag>false</demandware-pos-enabled-flag>
        <pos-enabled-flag>false</pos-enabled-flag>
        <custom-attributes>
            <custom-attribute attribute-id="countryCodeValue">BR</custom-attribute>
            <custom-attribute attribute-id="inventoryListId">accenture-brasil-inventory</custom-attribute>
        </custom-attributes>
    </store>

    <store store-id="acnMonteiroLobato">
        <name>Loja ACN Guarulhos 1</name>
        <address1>Rua Monteiro Lobato, s/n - Vl. Miriam</address1>
        <city>Guarulhos</city>
        <postal-code>07190-000</postal-code>
        <state-code>SP</state-code>
        <country-code>BR</country-code>
        <phone>(11)4551-8987</phone>
        <store-hours xml:lang="x-default">8h às 22h</store-hours>
        <latitude>-46.497196</latitude>
        <longitude>-23.45997</longitude>
        <inventory-list-id>accenture-brasil-inventory</inventory-list-id>
        <store-locator-enabled-flag>true</store-locator-enabled-flag>
        <demandware-pos-enabled-flag>false</demandware-pos-enabled-flag>
        <pos-enabled-flag>false</pos-enabled-flag>
        <custom-attributes>
            <custom-attribute attribute-id="countryCodeValue">BR</custom-attribute>
            <custom-attribute attribute-id="inventoryListId">accenture-brasil-inventory</custom-attribute>
        </custom-attributes>
    </store>

    <store store-id="acnMozart">
        <name>Loja ACN Guarulhos 2</name>
        <address1>Rua Mozart, s/n - Vl. Rosália</address1>
        <city>Guarulhos</city>
        <postal-code>07072-040</postal-code>
        <state-code>SP</state-code>
        <country-code>BR</country-code>
        <phone>(11)5880-2213</phone>
        <store-hours xml:lang="x-default">8h às 22h</store-hours>
        <latitude>-46.559922</latitude>
        <longitude>-23.449794</longitude>
        <inventory-list-id>accenture-brasil-inventory</inventory-list-id>
        <store-locator-enabled-flag>true</store-locator-enabled-flag>
        <demandware-pos-enabled-flag>false</demandware-pos-enabled-flag>
        <pos-enabled-flag>false</pos-enabled-flag>
        <custom-attributes>
            <custom-attribute attribute-id="countryCodeValue">BR</custom-attribute>
            <custom-attribute attribute-id="inventoryListId">accenture-brasil-inventory</custom-attribute>
        </custom-attributes>
    </store>

    <store store-id="acnNapoleaoBonaparte">
        <name>Loja ACN Taboão</name>
        <address1>Rua Napoleão Bonaparte, s/n - Planalto</address1>
        <city>Taboão da Serra</city>
        <postal-code>09895-540</postal-code>
        <state-code>SP</state-code>
        <country-code>BR</country-code>
        <phone>(11)4946-6406</phone>
        <store-hours xml:lang="x-default">8h às 22h</store-hours>
        <latitude>-46.570081</latitude>
        <longitude>-23.698384</longitude>
        <inventory-list-id>accenture-brasil-inventory</inventory-list-id>
        <store-locator-enabled-flag>true</store-locator-enabled-flag>
        <demandware-pos-enabled-flag>false</demandware-pos-enabled-flag>
        <pos-enabled-flag>false</pos-enabled-flag>
        <custom-attributes>
            <custom-attribute attribute-id="countryCodeValue">BR</custom-attribute>
            <custom-attribute attribute-id="inventoryListId">accenture-brasil-inventory</custom-attribute>
        </custom-attributes>
    </store>

    <store store-id="acnNoelRosa">
        <name>Loja ACN Mauá 2</name>
        <address1>Rua Noel Rosa, s/n - Jd. Sonia Maria</address1>
        <city>Mauá</city>
        <postal-code>09380-412</postal-code>
        <state-code>SP</state-code>
        <country-code>BR</country-code>
        <phone>(!1)2583-1094</phone>
        <store-hours xml:lang="x-default">8h às 22h</store-hours>
        <latitude>-46.47943</latitude>
        <longitude>-23.629334</longitude>
        <inventory-list-id>accenture-brasil-inventory</inventory-list-id>
        <store-locator-enabled-flag>true</store-locator-enabled-flag>
        <demandware-pos-enabled-flag>false</demandware-pos-enabled-flag>
        <pos-enabled-flag>false</pos-enabled-flag>
        <custom-attributes>
            <custom-attribute attribute-id="countryCodeValue">BR</custom-attribute>
            <custom-attribute attribute-id="inventoryListId">accenture-brasil-inventory</custom-attribute>
        </custom-attributes>
    </store>

    <store store-id="acnPresidenteKennedy">
        <name>Loja ACN Osasco 2</name>
        <address1>Praça Presidente Kennedy, s/n - Rochdale</address1>
        <city>Osasco</city>
        <postal-code>06028-105</postal-code>
        <state-code>SP</state-code>
        <country-code>BR</country-code>
        <phone>(11)3985-0124</phone>
        <store-hours xml:lang="x-default">8h às 22h</store-hours>
        <latitude>-46.765987</latitude>
        <longitude>-23.548061</longitude>
        <inventory-list-id>accenture-brasil-inventory</inventory-list-id>
        <store-locator-enabled-flag>true</store-locator-enabled-flag>
        <demandware-pos-enabled-flag>false</demandware-pos-enabled-flag>
        <pos-enabled-flag>false</pos-enabled-flag>
        <custom-attributes>
            <custom-attribute attribute-id="countryCodeValue">BR</custom-attribute>
            <custom-attribute attribute-id="inventoryListId">accenture-brasil-inventory</custom-attribute>
        </custom-attributes>
    </store>

    <store store-id="acnPrincesaIzabel">
        <name>Loja ACN São Bernardo</name>
        <address1>Alameda Princesa Izabel, s/n - Nova Petrópolis</address1>
        <city>São Bernardo do Campo</city>
        <postal-code>09771-110</postal-code>
        <state-code>SP</state-code>
        <country-code>BR</country-code>
        <phone>(11)4567-8901</phone>
        <store-hours xml:lang="x-default">8h às 22h</store-hours>
        <latitude>-46.546376</latitude>
        <longitude>-23.704135</longitude>
        <inventory-list-id>accenture-brasil-inventory</inventory-list-id>
        <store-locator-enabled-flag>true</store-locator-enabled-flag>
        <demandware-pos-enabled-flag>false</demandware-pos-enabled-flag>
        <pos-enabled-flag>false</pos-enabled-flag>
        <custom-attributes>
            <custom-attribute attribute-id="countryCodeValue">BR</custom-attribute>
            <custom-attribute attribute-id="inventoryListId">accenture-brasil-inventory</custom-attribute>
        </custom-attributes>
    </store>

    <store store-id="acnSantosDumont">
        <name>Loja ACN Mauá 1</name>
        <address1>Rua Santos Dumont, s/n - Vl. Dirce</address1>
        <city>Mauá</city>
        <postal-code>09310-335</postal-code>
        <state-code>SP</state-code>
        <country-code>BR</country-code>
        <phone>(11)2563-7401</phone>
        <store-hours xml:lang="x-default">8h às 22h</store-hours>
        <latitude>-46.450044</latitude>
        <longitude>-23.667627</longitude>
        <inventory-list-id>accenture-brasil-inventory</inventory-list-id>
        <store-locator-enabled-flag>true</store-locator-enabled-flag>
        <demandware-pos-enabled-flag>false</demandware-pos-enabled-flag>
        <pos-enabled-flag>false</pos-enabled-flag>
        <custom-attributes>
            <custom-attribute attribute-id="countryCodeValue">BR</custom-attribute>
            <custom-attribute attribute-id="inventoryListId">accenture-brasil-inventory</custom-attribute>
        </custom-attributes>
    </store>

    <store store-id="acnSaude">
        <name>Loja ACN Saúde</name>
        <address1>Av. Jabaquara, s/n - Saúde</address1>
        <city>São Paulo</city>
        <postal-code>04045-003</postal-code>
        <state-code>SP</state-code>
        <country-code>BR</country-code>
        <phone>(11)3449-2307</phone>
        <store-hours xml:lang="x-default">8h às 22h</store-hours>
        <latitude>-46.639804</latitude>
        <longitude>-23.619407</longitude>
        <inventory-list-id>accenture-brasil-inventory</inventory-list-id>
        <store-locator-enabled-flag>true</store-locator-enabled-flag>
        <demandware-pos-enabled-flag>false</demandware-pos-enabled-flag>
        <pos-enabled-flag>false</pos-enabled-flag>
        <custom-attributes>
            <custom-attribute attribute-id="countryCodeValue">BR</custom-attribute>
            <custom-attribute attribute-id="inventoryListId">accenture-brasil-inventory</custom-attribute>
        </custom-attributes>
    </store>

    <store store-id="acnTiradentes">
        <name>Loja ACN Suzano</name>
        <address1>Rua Tiradentes, s/n - Centro</address1>
        <city>Suzano</city>
        <postal-code>08674-195</postal-code>
        <state-code>SP</state-code>
        <country-code>BR</country-code>
        <phone>(11)3672-9051</phone>
        <store-hours xml:lang="x-default">8h às 22h</store-hours>
        <latitude>-46.312453</latitude>
        <longitude>-23.54212</longitude>
        <inventory-list-id>accenture-brasil-inventory</inventory-list-id>
        <store-locator-enabled-flag>true</store-locator-enabled-flag>
        <demandware-pos-enabled-flag>false</demandware-pos-enabled-flag>
        <pos-enabled-flag>false</pos-enabled-flag>
        <custom-attributes>
            <custom-attribute attribute-id="countryCodeValue">BR</custom-attribute>
            <custom-attribute attribute-id="inventoryListId">accenture-brasil-inventory</custom-attribute>
        </custom-attributes>
    </store>

    <store store-id="acnViaLactea">
        <name>Loja ACN Itaqua 2</name>
        <address1>Rua Via-Láctea, s/n - Vl. Celeste</address1>
        <city>Itaquaquecetuba</city>
        <postal-code>08597-150</postal-code>
        <state-code>SP</state-code>
        <country-code>BR</country-code>
        <phone>(11)4257-6108</phone>
        <store-hours xml:lang="x-default">8h às 22h
.</store-hours>
        <latitude>-46.314161</latitude>
        <longitude>-23.455262</longitude>
        <inventory-list-id>accenture-brasil-inventory</inventory-list-id>
        <store-locator-enabled-flag>true</store-locator-enabled-flag>
        <demandware-pos-enabled-flag>false</demandware-pos-enabled-flag>
        <pos-enabled-flag>false</pos-enabled-flag>
        <custom-attributes>
            <custom-attribute attribute-id="countryCodeValue">BR</custom-attribute>
            <custom-attribute attribute-id="inventoryListId">accenture-brasil-inventory</custom-attribute>
        </custom-attributes>
    </store>

    <store store-id="acnYara">
        <name>Loja ACN Osasco 1</name>
        <address1>Avenida Yara, s/n - Vila Yara</address1>
        <city>Osasco</city>
        <postal-code>06028-105</postal-code>
        <state-code>SP</state-code>
        <country-code>BR</country-code>
        <phone>(!1)3871-4956</phone>
        <store-hours xml:lang="x-default">8h às 22h</store-hours>
        <latitude>-46.765987</latitude>
        <longitude>-23.548061</longitude>
        <inventory-list-id>accenture-brasil-inventory</inventory-list-id>
        <store-locator-enabled-flag>true</store-locator-enabled-flag>
        <demandware-pos-enabled-flag>false</demandware-pos-enabled-flag>
        <pos-enabled-flag>false</pos-enabled-flag>
        <custom-attributes>
            <custom-attribute attribute-id="countryCodeValue">BR</custom-attribute>
            <custom-attribute attribute-id="inventoryListId">accenture-brasil-inventory</custom-attribute>
        </custom-attributes>
    </store>

</stores>
