<?xml version="1.0" encoding="UTF-8"?>
<tax xmlns="http://www.demandware.com/xml/impex/tax/2007-02-14">
    <tax-classes>
        <tax-class class-id="delivery" default="true">
            <display-name>delivery</display-name>
            <description>Entrega no endereço cadastrado no ato da compra</description>
        </tax-class>

        <tax-class class-id="taxacomum">
            <display-name>Taxa Comum</display-name>
            <description/>
        </tax-class>

    </tax-classes>
    <tax-jurisdictions>
        <tax-jurisdiction jurisdiction-id="taxacomum" default="true">
            <display-name>Taxa Comum</display-name>
        </tax-jurisdiction>

    </tax-jurisdictions>
    <tax-rates>
        <tax-rate jurisdiction-id="taxacomum" class-id="taxacomum">0</tax-rate>

        <tax-rate jurisdiction-id="taxacomum" class-id="delivery">0</tax-rate>

    </tax-rates>
</tax>
